id,name,model_id:id,group_id:id,perm_read,perm_write,perm_create,perm_unlink
access_dct_security_allocation_readonly,dct.security.allocation readonly,model_dct_security_allocation,group_readonly,1,0,0,0
access_dct_security_allocation_manager,dct.security.allocation manager,model_dct_security_allocation,group_manager,1,1,1,1
access_dct_security_allocation_supervisor,dct.security.allocation supervisor,model_dct_security_allocation,group_supervisor,1,1,1,0
access_dct_security_allocation_hr,dct.security.allocation hr,model_dct_security_allocation,group_hr,1,1,1,0
access_dct_security_assignment_readonly,dct.security.assignment readonly,model_dct_security_assignment,group_readonly,1,0,0,0
access_dct_security_assignment_manager,dct.security.assignment manager,model_dct_security_assignment,group_manager,1,1,1,1
access_dct_security_assignment_supervisor,dct.security.assignment supervisor,model_dct_security_assignment,group_supervisor,1,1,1,0
access_dct_security_assignment_hr,dct.security.assignment hr,model_dct_security_assignment,group_hr,1,1,1,0
access_dct_security_attendance_correction_readonly,dct.security.attendance.correction readonly,model_dct_security_attendance_correction,group_readonly,1,0,0,0
access_dct_security_attendance_correction_manager,dct.security.attendance.correction manager,model_dct_security_attendance_correction,group_manager,1,1,1,1
access_dct_security_attendance_correction_supervisor,dct.security.attendance.correction supervisor,model_dct_security_attendance_correction,group_supervisor,1,1,1,0
access_dct_security_attendance_correction_hr,dct.security.attendance.correction hr,model_dct_security_attendance_correction,group_hr,1,1,1,0
access_dct_security_attendance_exception_readonly,dct.security.attendance.exception readonly,model_dct_security_attendance_exception,group_readonly,1,0,0,0
access_dct_security_attendance_exception_manager,dct.security.attendance.exception manager,model_dct_security_attendance_exception,group_manager,1,1,1,1
access_dct_security_attendance_exception_supervisor,dct.security.attendance.exception supervisor,model_dct_security_attendance_exception,group_supervisor,1,1,1,0
access_dct_security_attendance_exception_hr,dct.security.attendance.exception hr,model_dct_security_attendance_exception,group_hr,1,1,1,0
access_dct_security_attendance_period_readonly,dct.security.attendance.period readonly,model_dct_security_attendance_period,group_readonly,1,0,0,0
access_dct_security_attendance_period_manager,dct.security.attendance.period manager,model_dct_security_attendance_period,group_manager,1,1,1,1
access_dct_security_attendance_period_hr,dct.security.attendance.period hr,model_dct_security_attendance_period,group_hr,1,1,1,0
access_dct_security_billing_finance,dct.security.billing finance,model_dct_security_billing,group_finance,1,1,1,1
access_dct_security_billing_line_finance,dct.security.billing.line finance,model_dct_security_billing_line,group_finance,1,1,1,1
access_dct_security_compensation_finance,dct.security.compensation finance,model_dct_security_compensation,group_finance,1,1,1,1
access_dct_security_contract_readonly,dct.security.contract readonly,model_dct_security_contract,group_readonly,1,0,0,0
access_dct_security_contract_manager,dct.security.contract manager,model_dct_security_contract,group_manager,1,1,1,1
access_dct_security_contract_finance,dct.security.contract finance,model_dct_security_contract,group_finance,1,1,1,1
access_dct_security_contract_line_readonly,dct.security.contract.line readonly,model_dct_security_contract_line,group_readonly,1,0,0,0
access_dct_security_contract_line_manager,dct.security.contract.line manager,model_dct_security_contract_line,group_manager,1,0,0,0
access_dct_security_contract_line_finance,dct.security.contract.line finance,model_dct_security_contract_line,group_finance,1,1,1,1
access_dct_security_generate_roster_readonly,dct.security.generate.roster readonly,model_dct_security_generate_roster,group_readonly,1,0,0,0
access_dct_security_generate_roster_manager,dct.security.generate.roster manager,model_dct_security_generate_roster,group_manager,1,1,1,1
access_dct_security_generate_roster_supervisor,dct.security.generate.roster supervisor,model_dct_security_generate_roster,group_supervisor,1,1,1,1
access_dct_security_generate_roster_hr,dct.security.generate.roster hr,model_dct_security_generate_roster,group_hr,1,1,1,1
access_dct_security_generate_roster_line_readonly,dct.security.generate.roster.line readonly,model_dct_security_generate_roster_line,group_readonly,1,0,0,0
access_dct_security_generate_roster_line_manager,dct.security.generate.roster.line manager,model_dct_security_generate_roster_line,group_manager,1,1,1,1
access_dct_security_generate_roster_line_supervisor,dct.security.generate.roster.line supervisor,model_dct_security_generate_roster_line,group_supervisor,1,1,1,1
access_dct_security_generate_roster_line_hr,dct.security.generate.roster.line hr,model_dct_security_generate_roster_line,group_hr,1,1,1,1
access_dct_security_guard_qualification_readonly,dct.security.guard.qualification readonly,model_dct_security_guard_qualification,group_readonly,1,0,0,0
access_dct_security_guard_qualification_manager,dct.security.guard.qualification manager,model_dct_security_guard_qualification,group_manager,1,1,1,1
access_dct_security_guard_qualification_hr,dct.security.guard.qualification hr,model_dct_security_guard_qualification,group_hr,1,1,1,1
access_dct_security_incident_readonly,dct.security.incident readonly,model_dct_security_incident,group_readonly,1,0,0,0
access_dct_security_incident_manager,dct.security.incident manager,model_dct_security_incident,group_manager,1,1,1,1
access_dct_security_incident_supervisor,dct.security.incident supervisor,model_dct_security_incident,group_supervisor,1,1,1,0
access_dct_security_incident_hr,dct.security.incident hr,model_dct_security_incident,group_hr,1,1,1,0
access_dct_security_incident_category_readonly,dct.security.incident.category readonly,model_dct_security_incident_category,group_readonly,1,0,0,0
access_dct_security_incident_category_manager,dct.security.incident.category manager,model_dct_security_incident_category,group_manager,1,1,1,1
access_dct_security_inspection_item_readonly,dct.security.inspection.item readonly,model_dct_security_inspection_item,group_readonly,1,0,0,0
access_dct_security_inspection_item_manager,dct.security.inspection.item manager,model_dct_security_inspection_item,group_manager,1,1,1,1
access_dct_security_inspection_template_readonly,dct.security.inspection.template readonly,model_dct_security_inspection_template,group_readonly,1,0,0,0
access_dct_security_inspection_template_manager,dct.security.inspection.template manager,model_dct_security_inspection_template,group_manager,1,1,1,1
access_dct_security_patrol_checkpoint_readonly,dct.security.patrol.checkpoint readonly,model_dct_security_patrol_checkpoint,group_readonly,1,0,0,0
access_dct_security_patrol_checkpoint_manager,dct.security.patrol.checkpoint manager,model_dct_security_patrol_checkpoint,group_manager,1,1,1,1
access_dct_security_patrol_result_readonly,dct.security.patrol.result readonly,model_dct_security_patrol_result,group_readonly,1,0,0,0
access_dct_security_patrol_result_manager,dct.security.patrol.result manager,model_dct_security_patrol_result,group_manager,1,1,1,1
access_dct_security_patrol_result_supervisor,dct.security.patrol.result supervisor,model_dct_security_patrol_result,group_supervisor,1,1,1,0
access_dct_security_patrol_result_hr,dct.security.patrol.result hr,model_dct_security_patrol_result,group_hr,1,1,1,0
access_dct_security_patrol_round_readonly,dct.security.patrol.round readonly,model_dct_security_patrol_round,group_readonly,1,0,0,0
access_dct_security_patrol_round_manager,dct.security.patrol.round manager,model_dct_security_patrol_round,group_manager,1,1,1,1
access_dct_security_patrol_round_supervisor,dct.security.patrol.round supervisor,model_dct_security_patrol_round,group_supervisor,1,1,1,0
access_dct_security_patrol_round_hr,dct.security.patrol.round hr,model_dct_security_patrol_round,group_hr,1,1,1,0
access_dct_security_patrol_route_readonly,dct.security.patrol.route readonly,model_dct_security_patrol_route,group_readonly,1,0,0,0
access_dct_security_patrol_route_manager,dct.security.patrol.route manager,model_dct_security_patrol_route,group_manager,1,1,1,1
access_dct_security_payroll_finance,dct.security.payroll finance,model_dct_security_payroll,group_finance,1,1,1,1
access_dct_security_payroll_line_finance,dct.security.payroll.line finance,model_dct_security_payroll_line,group_finance,1,1,1,1
access_dct_security_post_readonly,dct.security.post readonly,model_dct_security_post,group_readonly,1,0,0,0
access_dct_security_post_manager,dct.security.post manager,model_dct_security_post,group_manager,1,1,1,1
access_dct_security_qualification_readonly,dct.security.qualification readonly,model_dct_security_qualification,group_readonly,1,0,0,0
access_dct_security_qualification_manager,dct.security.qualification manager,model_dct_security_qualification,group_manager,1,1,1,1
access_dct_security_replace_guard_readonly,dct.security.replace.guard readonly,model_dct_security_replace_guard,group_readonly,1,0,0,0
access_dct_security_replace_guard_manager,dct.security.replace.guard manager,model_dct_security_replace_guard,group_manager,1,1,1,1
access_dct_security_replace_guard_supervisor,dct.security.replace.guard supervisor,model_dct_security_replace_guard,group_supervisor,1,1,1,1
access_dct_security_replace_guard_hr,dct.security.replace.guard hr,model_dct_security_replace_guard,group_hr,1,1,1,1
access_dct_security_replacement_readonly,dct.security.replacement readonly,model_dct_security_replacement,group_readonly,1,0,0,0
access_dct_security_replacement_manager,dct.security.replacement manager,model_dct_security_replacement,group_manager,1,1,1,1
access_dct_security_replacement_supervisor,dct.security.replacement supervisor,model_dct_security_replacement,group_supervisor,1,1,1,0
access_dct_security_replacement_hr,dct.security.replacement hr,model_dct_security_replacement,group_hr,1,1,1,0
access_dct_security_shift_readonly,dct.security.shift readonly,model_dct_security_shift,group_readonly,1,0,0,0
access_dct_security_shift_manager,dct.security.shift manager,model_dct_security_shift,group_manager,1,1,1,1
access_dct_security_shift_supervisor,dct.security.shift supervisor,model_dct_security_shift,group_supervisor,1,1,1,0
access_dct_security_shift_hr,dct.security.shift hr,model_dct_security_shift,group_hr,1,1,1,0
access_dct_security_shift_template_readonly,dct.security.shift.template readonly,model_dct_security_shift_template,group_readonly,1,0,0,0
access_dct_security_shift_template_manager,dct.security.shift.template manager,model_dct_security_shift_template,group_manager,1,1,1,1
access_dct_security_site_readonly,dct.security.site readonly,model_dct_security_site,group_readonly,1,0,0,0
access_dct_security_site_manager,dct.security.site manager,model_dct_security_site,group_manager,1,1,1,1
access_dct_security_visit_readonly,dct.security.visit readonly,model_dct_security_visit,group_readonly,1,0,0,0
access_dct_security_visit_manager,dct.security.visit manager,model_dct_security_visit,group_manager,1,1,1,1
access_dct_security_visit_supervisor,dct.security.visit supervisor,model_dct_security_visit,group_supervisor,1,1,1,0
access_dct_security_visit_hr,dct.security.visit hr,model_dct_security_visit,group_hr,1,1,1,0
access_dct_security_visit_result_readonly,dct.security.visit.result readonly,model_dct_security_visit_result,group_readonly,1,0,0,0
access_dct_security_visit_result_manager,dct.security.visit.result manager,model_dct_security_visit_result,group_manager,1,1,1,1
access_dct_security_visit_result_supervisor,dct.security.visit.result supervisor,model_dct_security_visit_result,group_supervisor,1,1,1,0
access_dct_security_visit_result_hr,dct.security.visit.result hr,model_dct_security_visit_result,group_hr,1,1,1,0
access_hr_employee_readonly,hr.employee readonly,hr.model_hr_employee,group_readonly,1,0,0,0
access_hr_employee_manager,hr.employee manager,hr.model_hr_employee,group_manager,1,1,1,0
access_hr_employee_supervisor,hr.employee supervisor,hr.model_hr_employee,group_supervisor,1,0,0,0
access_hr_employee_hr,hr.employee hr,hr.model_hr_employee,group_hr,1,1,1,0
access_hr_employee_finance,hr.employee finance,hr.model_hr_employee,group_finance,1,0,0,0
access_resource_resource_manager,resource.resource manager,resource.model_resource_resource,group_manager,1,1,1,0
access_resource_resource_hr,resource.resource hr,resource.model_resource_resource,group_hr,1,1,1,0
access_hr_attendance_readonly,hr.attendance readonly,hr_attendance.model_hr_attendance,group_readonly,1,0,0,0
access_hr_attendance_manager,hr.attendance manager,hr_attendance.model_hr_attendance,group_manager,1,1,1,0
access_hr_attendance_supervisor,hr.attendance supervisor,hr_attendance.model_hr_attendance,group_supervisor,1,1,1,0
access_hr_attendance_hr,hr.attendance hr,hr_attendance.model_hr_attendance,group_hr,1,1,1,0
access_hr_attendance_finance,hr.attendance finance,hr_attendance.model_hr_attendance,group_finance,1,0,0,0
